ID,Tittel,Pris,Billettstatus,Dato,Order,Klokkeslett,URL,BildeURL,Kategorier,Google Product Category,Dynamisk retargeting,Kategori,event_count_in_category,ad_set_status
43145,Erik Bye i 100,450,in stock,6. februar - 11. september,1,6. februar - 11. september,https://www.drammensteater.no/program/43145-erik-bye-i-100/,https://cdn.tixly.com/no/tix/EventImages/Feature_43145.jpg,['Viser'],499969,no,Viser,7,ACTIVE
44158,Local Heroes,555,in stock,12. september,2,12. september,https://www.drammensteater.no/program/44158-local-heroes/,https://cdn.tixly.com/no/tix/EventImages/Feature_44158.jpg,"['Hyllest','Rock','Rockerne']",499969,yes,Hyllest,4,ACTIVE
44158,Local Heroes,555,in stock,12. september,2,12. september,https://www.drammensteater.no/program/44158-local-heroes/,https://cdn.tixly.com/no/tix/EventImages/Feature_44158.jpg,"['Hyllest','Rock','Rockerne']",499969,yes,Rock,4,ACTIVE
44158,Local Heroes,555,in stock,12. september,2,12. september,https://www.drammensteater.no/program/44158-local-heroes/,https://cdn.tixly.com/no/tix/EventImages/Feature_44158.jpg,"['Hyllest','Rock','Rockerne']",499969,yes,Rockerne,2,PAUSED
48463,MICOMPAÑIA,400,in stock,13. september,3,13. september,https://www.drammensteater.no/program/48463-micompania/,https://cdn.tixly.com/no/tix/EventImages/Feature_48463.jpg,"['Dans','Kulturglade']",499969,yes,Dans,5,ACTIVE
48463,MICOMPAÑIA,400,in stock,13. september,3,13. september,https://www.drammensteater.no/program/48463-micompania/,https://cdn.tixly.com/no/tix/EventImages/Feature_48463.jpg,"['Dans','Kulturglade']",499969,yes,Kulturglade,7,ACTIVE
48455,Øystein Sunde,690,in stock,17. september - 18. september,4,17. september - 18. september,https://www.drammensteater.no/program/48455-oystein-sunde/,https://cdn.tixly.com/no/tix/EventImages/Feature_48455.jpg,"['Viser','Kulturglade']",499969,yes,Viser,7,ACTIVE
48455,Øystein Sunde,690,in stock,17. september - 18. september,4,17. september - 18. september,https://www.drammensteater.no/program/48455-oystein-sunde/,https://cdn.tixly.com/no/tix/EventImages/Feature_48455.jpg,"['Viser','Kulturglade']",499969,yes,Kulturglade,7,ACTIVE
46520,SwingCompagniet,395,in stock,19. september,5,19. september,https://www.drammensteater.no/program/46520-swingcompagniet/,https://cdn.tixly.com/no/tix/EventImages/Feature_46520.jpg,"['Jazz','Swing']",499969,yes,Jazz,1,PAUSED
46520,SwingCompagniet,395,in stock,19. september,5,19. september,https://www.drammensteater.no/program/46520-swingcompagniet/,https://cdn.tixly.com/no/tix/EventImages/Feature_46520.jpg,"['Jazz','Swing']",499969,yes,Swing,1,PAUSED
45165,Pinocchio,350,in stock,20. september,6,20. september,https://www.drammensteater.no/program/45165-pinocchio/,https://cdn.tixly.com/no/tix/EventImages/Feature_45165.jpg,"['Barn','Teater','Familie']",499969,yes,Barn,5,ACTIVE
45165,Pinocchio,350,in stock,20. september,6,20. september,https://www.drammensteater.no/program/45165-pinocchio/,https://cdn.tixly.com/no/tix/EventImages/Feature_45165.jpg,"['Barn','Teater','Familie']",499969,yes,Teater,5,ACTIVE
45165,Pinocchio,350,in stock,20. september,6,20. september,https://www.drammensteater.no/program/45165-pinocchio/,https://cdn.tixly.com/no/tix/EventImages/Feature_45165.jpg,"['Barn','Teater','Familie']",499969,yes,Familie,6,ACTIVE
48041,Kongen Befaler,420,in stock,5. oktober - 19. oktober,7,5. oktober - 19. oktober,https://www.drammensteater.no/program/48041-kongen-befaler/,https://cdn.tixly.com/no/tix/EventImages/Feature_48041.jpg,"['Forestilling','Komedie','TV-innspilling','Lattermilde']",499969,yes,Forestilling,2,PAUSED
48041,Kongen Befaler,420,in stock,5. oktober - 19. oktober,7,5. oktober - 19. oktober,https://www.drammensteater.no/program/48041-kongen-befaler/,https://cdn.tixly.com/no/tix/EventImages/Feature_48041.jpg,"['Forestilling','Komedie','TV-innspilling','Lattermilde']",499969,yes,Komedie,11,ACTIVE
48041,Kongen Befaler,420,in stock,5. oktober - 19. oktober,7,5. oktober - 19. oktober,https://www.drammensteater.no/program/48041-kongen-befaler/,https://cdn.tixly.com/no/tix/EventImages/Feature_48041.jpg,"['Forestilling','Komedie','TV-innspilling','Lattermilde']",499969,yes,TV-innspilling,1,PAUSED
48041,Kongen Befaler,420,in stock,5. oktober - 19. oktober,7,5. oktober - 19. oktober,https://www.drammensteater.no/program/48041-kongen-befaler/,https://cdn.tixly.com/no/tix/EventImages/Feature_48041.jpg,"['Forestilling','Komedie','TV-innspilling','Lattermilde']",499969,yes,Lattermilde,12,ACTIVE
49348,Doktor Marthes Talkshow,250,in stock,14. oktober,8,14. oktober,https://www.drammensteater.no/program/49348-doktor-marthes-talkshow/,https://cdn.tixly.com/no/tix/EventImages/Feature_49348.jpg,['litteratur'],499969,yes,litteratur,1,PAUSED
48065,The Steel Chords og Tasty,285,in stock,17. oktober,9,17. oktober,https://www.drammensteater.no/program/48065-the-steel-chords-og-tasty/,https://cdn.tixly.com/no/tix/EventImages/Feature_48065.jpg,"['Rock','foajekonsert','Rockerne']",499969,yes,Rock,4,ACTIVE
48065,The Steel Chords og Tasty,285,in stock,17. oktober,9,17. oktober,https://www.drammensteater.no/program/48065-the-steel-chords-og-tasty/,https://cdn.tixly.com/no/tix/EventImages/Feature_48065.jpg,"['Rock','foajekonsert','Rockerne']",499969,yes,foajekonsert,2,PAUSED
48065,The Steel Chords og Tasty,285,in stock,17. oktober,9,17. oktober,https://www.drammensteater.no/program/48065-the-steel-chords-og-tasty/,https://cdn.tixly.com/no/tix/EventImages/Feature_48065.jpg,"['Rock','foajekonsert','Rockerne']",499969,yes,Rockerne,2,PAUSED
47261,Ingebjørg Bratland,660,in stock,21. oktober,10,21. oktober,https://www.drammensteater.no/program/47261-ingebjorg-bratland/,https://cdn.tixly.com/no/tix/EventImages/Feature_47261.jpg,"['Pop','Viser','Popglade']",499969,yes,Pop,6,ACTIVE
47261,Ingebjørg Bratland,660,in stock,21. oktober,10,21. oktober,https://www.drammensteater.no/program/47261-ingebjorg-bratland/,https://cdn.tixly.com/no/tix/EventImages/Feature_47261.jpg,"['Pop','Viser','Popglade']",499969,yes,Viser,7,ACTIVE
47261,Ingebjørg Bratland,660,in stock,21. oktober,10,21. oktober,https://www.drammensteater.no/program/47261-ingebjorg-bratland/,https://cdn.tixly.com/no/tix/EventImages/Feature_47261.jpg,"['Pop','Viser','Popglade']",499969,yes,Popglade,4,ACTIVE
44668,Truls Svendsen,630,in stock,22. oktober,11,22. oktober,https://www.drammensteater.no/program/44668-truls-svendsen/,https://cdn.tixly.com/no/tix/EventImages/Feature_44668.jpg,"['Komedie','Standup','Lattermilde']",499969,yes,Komedie,11,ACTIVE
44668,Truls Svendsen,630,in stock,22. oktober,11,22. oktober,https://www.drammensteater.no/program/44668-truls-svendsen/,https://cdn.tixly.com/no/tix/EventImages/Feature_44668.jpg,"['Komedie','Standup','Lattermilde']",499969,yes,Standup,7,ACTIVE
44668,Truls Svendsen,630,in stock,22. oktober,11,22. oktober,https://www.drammensteater.no/program/44668-truls-svendsen/,https://cdn.tixly.com/no/tix/EventImages/Feature_44668.jpg,"['Komedie','Standup','Lattermilde']",499969,yes,Lattermilde,12,ACTIVE
45195,Kristian Valen,630,in stock,23. oktober - 5. februar 2027,12,23. oktober - 5. februar 2027,https://www.drammensteater.no/program/45195-kristian-valen/,https://cdn.tixly.com/no/tix/EventImages/Feature_45195.jpg,"['Komedie','Lattermilde']",499969,yes,Komedie,11,ACTIVE
45195,Kristian Valen,630,in stock,23. oktober - 5. februar 2027,12,23. oktober - 5. februar 2027,https://www.drammensteater.no/program/45195-kristian-valen/,https://cdn.tixly.com/no/tix/EventImages/Feature_45195.jpg,"['Komedie','Lattermilde']",499969,yes,Lattermilde,12,ACTIVE
46266,Gutta på skauen,285,in stock,24. oktober,13,24. oktober,https://www.drammensteater.no/program/46266-gutta-pa-skauen/,https://cdn.tixly.com/no/tix/EventImages/Feature_46266.jpg,"['Viser','foajekonsert']",499969,yes,Viser,7,ACTIVE
46266,Gutta på skauen,285,in stock,24. oktober,13,24. oktober,https://www.drammensteater.no/program/46266-gutta-pa-skauen/,https://cdn.tixly.com/no/tix/EventImages/Feature_46266.jpg,"['Viser','foajekonsert']",499969,yes,foajekonsert,2,PAUSED
44312,Vamp,695,in stock,24. oktober,14,24. oktober,https://www.drammensteater.no/program/44312-vamp/,https://cdn.tixly.com/no/tix/EventImages/Feature_44312.jpg,"['Pop','Viser','Popglade']",499969,yes,Pop,6,ACTIVE
44312,Vamp,695,in stock,24. oktober,14,24. oktober,https://www.drammensteater.no/program/44312-vamp/,https://cdn.tixly.com/no/tix/EventImages/Feature_44312.jpg,"['Pop','Viser','Popglade']",499969,yes,Viser,7,ACTIVE
44312,Vamp,695,in stock,24. oktober,14,24. oktober,https://www.drammensteater.no/program/44312-vamp/,https://cdn.tixly.com/no/tix/EventImages/Feature_44312.jpg,"['Pop','Viser','Popglade']",499969,yes,Popglade,4,ACTIVE
45070,Night Of Soul,665,in stock,28. oktober,15,28. oktober,https://www.drammensteater.no/program/45070-night-of-soul/,https://cdn.tixly.com/no/tix/EventImages/Feature_45070.jpg,"['Funk','Hyllest','Soul']",499969,yes,Funk,1,PAUSED
45070,Night Of Soul,665,in stock,28. oktober,15,28. oktober,https://www.drammensteater.no/program/45070-night-of-soul/,https://cdn.tixly.com/no/tix/EventImages/Feature_45070.jpg,"['Funk','Hyllest','Soul']",499969,yes,Hyllest,4,ACTIVE
45070,Night Of Soul,665,in stock,28. oktober,15,28. oktober,https://www.drammensteater.no/program/45070-night-of-soul/,https://cdn.tixly.com/no/tix/EventImages/Feature_45070.jpg,"['Funk','Hyllest','Soul']",499969,yes,Soul,2,PAUSED
45102,Jævelungen,450,out of stock,29. oktober,16,29. oktober,https://www.drammensteater.no/program/45102-jaevelungen/,https://cdn.tixly.com/no/tix/EventImages/Feature_45102.jpg,"['Forestilling','Komedie']",499969,yes,Forestilling,2,PAUSED
45102,Jævelungen,450,out of stock,29. oktober,16,29. oktober,https://www.drammensteater.no/program/45102-jaevelungen/,https://cdn.tixly.com/no/tix/EventImages/Feature_45102.jpg,"['Forestilling','Komedie']",499969,yes,Komedie,11,ACTIVE
45307,Det Betales,675,in stock,30. oktober,17,30. oktober,https://www.drammensteater.no/program/45307-det-betales/,https://cdn.tixly.com/no/tix/EventImages/Feature_45307.jpg,"['Hyllest','Pop','Rock']",499969,yes,Hyllest,4,ACTIVE
45307,Det Betales,675,in stock,30. oktober,17,30. oktober,https://www.drammensteater.no/program/45307-det-betales/,https://cdn.tixly.com/no/tix/EventImages/Feature_45307.jpg,"['Hyllest','Pop','Rock']",499969,yes,Pop,6,ACTIVE
45307,Det Betales,675,in stock,30. oktober,17,30. oktober,https://www.drammensteater.no/program/45307-det-betales/,https://cdn.tixly.com/no/tix/EventImages/Feature_45307.jpg,"['Hyllest','Pop','Rock']",499969,yes,Rock,4,ACTIVE
48066,Trine Lise Olsen,485,in stock,30. oktober,18,30. oktober,https://www.drammensteater.no/program/48066-trine-lise-olsen/,https://cdn.tixly.com/no/tix/EventImages/Feature_48066.jpg,"['Standup','Lattermilde']",499969,yes,Standup,7,ACTIVE
48066,Trine Lise Olsen,485,in stock,30. oktober,18,30. oktober,https://www.drammensteater.no/program/48066-trine-lise-olsen/,https://cdn.tixly.com/no/tix/EventImages/Feature_48066.jpg,"['Standup','Lattermilde']",499969,yes,Lattermilde,12,ACTIVE
45048,Svanesjøen,580,in stock,31. oktober,19,31. oktober,https://www.drammensteater.no/program/45048-svanesjoen/,https://cdn.tixly.com/no/tix/EventImages/Feature_45048.jpg,"['Dans','Kulturglade']",499969,yes,Dans,5,ACTIVE
45048,Svanesjøen,580,in stock,31. oktober,19,31. oktober,https://www.drammensteater.no/program/45048-svanesjoen/,https://cdn.tixly.com/no/tix/EventImages/Feature_45048.jpg,"['Dans','Kulturglade']",499969,yes,Kulturglade,7,ACTIVE
45045,Nøtteknekkeren,580,in stock,1. november,20,1. november,https://www.drammensteater.no/program/45045-notteknekkeren/,https://cdn.tixly.com/no/tix/EventImages/Feature_45045.jpg,"['Dans','Kulturglade']",499969,yes,Dans,5,ACTIVE
45045,Nøtteknekkeren,580,in stock,1. november,20,1. november,https://www.drammensteater.no/program/45045-notteknekkeren/,https://cdn.tixly.com/no/tix/EventImages/Feature_45045.jpg,"['Dans','Kulturglade']",499969,yes,Kulturglade,7,ACTIVE
48492,Elvekompaniets impro,200,in stock,5. november,21,5. november,https://www.drammensteater.no/program/48492-elvekompaniets-impro/,https://cdn.tixly.com/no/tix/EventImages/Feature_48492.jpg,"['impro','Komedie','Lattermilde']",499969,yes,impro,1,PAUSED
48492,Elvekompaniets impro,200,in stock,5. november,21,5. november,https://www.drammensteater.no/program/48492-elvekompaniets-impro/,https://cdn.tixly.com/no/tix/EventImages/Feature_48492.jpg,"['impro','Komedie','Lattermilde']",499969,yes,Komedie,11,ACTIVE
48492,Elvekompaniets impro,200,in stock,5. november,21,5. november,https://www.drammensteater.no/program/48492-elvekompaniets-impro/,https://cdn.tixly.com/no/tix/EventImages/Feature_48492.jpg,"['impro','Komedie','Lattermilde']",499969,yes,Lattermilde,12,ACTIVE
48810,Cristina Branco,385,in stock,6. november,22,6. november,https://www.drammensteater.no/program/48810-cristina-branco/,https://cdn.tixly.com/no/tix/EventImages/Feature_48810.jpg,"['Fado','Interkultur']",499969,yes,Fado,1,PAUSED
48810,Cristina Branco,385,in stock,6. november,22,6. november,https://www.drammensteater.no/program/48810-cristina-branco/,https://cdn.tixly.com/no/tix/EventImages/Feature_48810.jpg,"['Fado','Interkultur']",499969,yes,Interkultur,1,PAUSED
43227,Viggo Venneløs,360,out of stock,7. november,23,7. november,https://www.drammensteater.no/program/43227-viggo-vennelos/,https://cdn.tixly.com/no/tix/EventImages/Feature_43227.jpg,"['Standup','Lattermilde']",499969,no,Standup,7,ACTIVE
43227,Viggo Venneløs,360,out of stock,7. november,23,7. november,https://www.drammensteater.no/program/43227-viggo-vennelos/,https://cdn.tixly.com/no/tix/EventImages/Feature_43227.jpg,"['Standup','Lattermilde']",499969,no,Lattermilde,12,ACTIVE
43773,Maria Mena,725,in stock,13. november,24,13. november,https://www.drammensteater.no/program/43773-maria-mena/,https://cdn.tixly.com/no/tix/EventImages/Feature_43773.jpg,"['Pop','Popglade']",499969,yes,Pop,6,ACTIVE
43773,Maria Mena,725,in stock,13. november,24,13. november,https://www.drammensteater.no/program/43773-maria-mena/,https://cdn.tixly.com/no/tix/EventImages/Feature_43773.jpg,"['Pop','Popglade']",499969,yes,Popglade,4,ACTIVE
47721,Treretters - en lattergalla,655,in stock,14. november,25,14. november,https://www.drammensteater.no/program/47721-treretters-en-lattergalla/,https://cdn.tixly.com/no/tix/EventImages/Event_47721.jpg,"['Standup','Lattermilde']",499969,yes,Standup,7,ACTIVE
47721,Treretters - en lattergalla,655,in stock,14. november,25,14. november,https://www.drammensteater.no/program/47721-treretters-en-lattergalla/,https://cdn.tixly.com/no/tix/EventImages/Event_47721.jpg,"['Standup','Lattermilde']",499969,yes,Lattermilde,12,ACTIVE
49044,Bjella med band,580,in stock,15. november,26,15. november,https://www.drammensteater.no/program/49044-bjella-med-band/,https://cdn.tixly.com/no/tix/EventImages/Feature_49044.jpg,['Viser'],499969,yes,Viser,7,ACTIVE
47578,Juleskurken,500,in stock,21. november - 20. desember,27,21. november - 20. desember,https://www.drammensteater.no/program/47578-juleskurken/,https://cdn.tixly.com/no/tix/EventImages/Feature_47578.jpg,"['Barn','Juleshow','Teater','Familie','Julen i Drammens Teater']",499969,yes,Barn,5,ACTIVE
47578,Juleskurken,500,in stock,21. november - 20. desember,27,21. november - 20. desember,https://www.drammensteater.no/program/47578-juleskurken/,https://cdn.tixly.com/no/tix/EventImages/Feature_47578.jpg,"['Barn','Juleshow','Teater','Familie','Julen i Drammens Teater']",499969,yes,Juleshow,4,ACTIVE
47578,Juleskurken,500,in stock,21. november - 20. desember,27,21. november - 20. desember,https://www.drammensteater.no/program/47578-juleskurken/,https://cdn.tixly.com/no/tix/EventImages/Feature_47578.jpg,"['Barn','Juleshow','Teater','Familie','Julen i Drammens Teater']",499969,yes,Teater,5,ACTIVE
47578,Juleskurken,500,in stock,21. november - 20. desember,27,21. november - 20. desember,https://www.drammensteater.no/program/47578-juleskurken/,https://cdn.tixly.com/no/tix/EventImages/Feature_47578.jpg,"['Barn','Juleshow','Teater','Familie','Julen i Drammens Teater']",499969,yes,Familie,6,ACTIVE
47578,Juleskurken,500,in stock,21. november - 20. desember,27,21. november - 20. desember,https://www.drammensteater.no/program/47578-juleskurken/,https://cdn.tixly.com/no/tix/EventImages/Feature_47578.jpg,"['Barn','Juleshow','Teater','Familie','Julen i Drammens Teater']",499969,yes,Julen i Drammens Teater,12,ACTIVE
45835,Showkompaniet,450,in stock,24. november - 5. desember,28,24. november - 5. desember,https://www.drammensteater.no/program/45835-showkompaniet/,https://cdn.tixly.com/no/tix/EventImages/Feature_45835.jpg,"['Juleshow','Komedie','Julen i Drammens Teater']",499969,yes,Juleshow,4,ACTIVE
45835,Showkompaniet,450,in stock,24. november - 5. desember,28,24. november - 5. desember,https://www.drammensteater.no/program/45835-showkompaniet/,https://cdn.tixly.com/no/tix/EventImages/Feature_45835.jpg,"['Juleshow','Komedie','Julen i Drammens Teater']",499969,yes,Komedie,11,ACTIVE
45835,Showkompaniet,450,in stock,24. november - 5. desember,28,24. november - 5. desember,https://www.drammensteater.no/program/45835-showkompaniet/,https://cdn.tixly.com/no/tix/EventImages/Feature_45835.jpg,"['Juleshow','Komedie','Julen i Drammens Teater']",499969,yes,Julen i Drammens Teater,12,ACTIVE
48096,Ylvis & Calle,710,in stock,24. november,29,24. november,https://www.drammensteater.no/program/48096-ylvis-calle/,https://cdn.tixly.com/no/tix/EventImages/Feature_48096.jpg,"['Juleshow','Komedie','Julen i Drammens Teater','Lattermilde']",499969,yes,Juleshow,4,ACTIVE
48096,Ylvis & Calle,710,in stock,24. november,29,24. november,https://www.drammensteater.no/program/48096-ylvis-calle/,https://cdn.tixly.com/no/tix/EventImages/Feature_48096.jpg,"['Juleshow','Komedie','Julen i Drammens Teater','Lattermilde']",499969,yes,Komedie,11,ACTIVE
48096,Ylvis & Calle,710,in stock,24. november,29,24. november,https://www.drammensteater.no/program/48096-ylvis-calle/,https://cdn.tixly.com/no/tix/EventImages/Feature_48096.jpg,"['Juleshow','Komedie','Julen i Drammens Teater','Lattermilde']",499969,yes,Julen i Drammens Teater,12,ACTIVE
48096,Ylvis & Calle,710,in stock,24. november,29,24. november,https://www.drammensteater.no/program/48096-ylvis-calle/,https://cdn.tixly.com/no/tix/EventImages/Feature_48096.jpg,"['Juleshow','Komedie','Julen i Drammens Teater','Lattermilde']",499969,yes,Lattermilde,12,ACTIVE
44471,Christel Alsos,675,in stock,30. november,30,30. november,https://www.drammensteater.no/program/44471-christel-alsos/,https://cdn.tixly.com/no/tix/EventImages/Feature_44471.jpg,"['Julekonsert','Pop','Viser','Julen i Drammens Teater']",499969,yes,Julekonsert,6,ACTIVE
44471,Christel Alsos,675,in stock,30. november,30,30. november,https://www.drammensteater.no/program/44471-christel-alsos/,https://cdn.tixly.com/no/tix/EventImages/Feature_44471.jpg,"['Julekonsert','Pop','Viser','Julen i Drammens Teater']",499969,yes,Pop,6,ACTIVE
44471,Christel Alsos,675,in stock,30. november,30,30. november,https://www.drammensteater.no/program/44471-christel-alsos/,https://cdn.tixly.com/no/tix/EventImages/Feature_44471.jpg,"['Julekonsert','Pop','Viser','Julen i Drammens Teater']",499969,yes,Viser,7,ACTIVE
44471,Christel Alsos,675,in stock,30. november,30,30. november,https://www.drammensteater.no/program/44471-christel-alsos/,https://cdn.tixly.com/no/tix/EventImages/Feature_44471.jpg,"['Julekonsert','Pop','Viser','Julen i Drammens Teater']",499969,yes,Julen i Drammens Teater,12,ACTIVE
44239,Adam Douglas,665,in stock,1. desember,31,1. desember,https://www.drammensteater.no/program/44239-adam-douglas/,https://cdn.tixly.com/no/tix/EventImages/Feature_44239.jpg,"['Americana','Blues','Soul','Julen i Drammens Teater']",499969,yes,Americana,1,PAUSED
44239,Adam Douglas,665,in stock,1. desember,31,1. desember,https://www.drammensteater.no/program/44239-adam-douglas/,https://cdn.tixly.com/no/tix/EventImages/Feature_44239.jpg,"['Americana','Blues','Soul','Julen i Drammens Teater']",499969,yes,Blues,1,PAUSED
44239,Adam Douglas,665,in stock,1. desember,31,1. desember,https://www.drammensteater.no/program/44239-adam-douglas/,https://cdn.tixly.com/no/tix/EventImages/Feature_44239.jpg,"['Americana','Blues','Soul','Julen i Drammens Teater']",499969,yes,Soul,2,PAUSED
44239,Adam Douglas,665,in stock,1. desember,31,1. desember,https://www.drammensteater.no/program/44239-adam-douglas/,https://cdn.tixly.com/no/tix/EventImages/Feature_44239.jpg,"['Americana','Blues','Soul','Julen i Drammens Teater']",499969,yes,Julen i Drammens Teater,12,ACTIVE
43694,Vår jul,690,in stock,7. desember,32,7. desember,https://www.drammensteater.no/program/43694-var-jul/,https://cdn.tixly.com/no/tix/EventImages/Feature_43694.jpg,"['Julekonsert','Julen i Drammens Teater']",499969,yes,Julekonsert,6,ACTIVE
43694,Vår jul,690,in stock,7. desember,32,7. desember,https://www.drammensteater.no/program/43694-var-jul/,https://cdn.tixly.com/no/tix/EventImages/Feature_43694.jpg,"['Julekonsert','Julen i Drammens Teater']",499969,yes,Julen i Drammens Teater,12,ACTIVE
46025,Eva Weel Skram,660,in stock,8. desember,33,8. desember,https://www.drammensteater.no/program/46025-eva-weel-skram/,https://cdn.tixly.com/no/tix/EventImages/Feature_46025.jpg,"['Julekonsert','Julen i Drammens Teater']",499969,yes,Julekonsert,6,ACTIVE
46025,Eva Weel Skram,660,in stock,8. desember,33,8. desember,https://www.drammensteater.no/program/46025-eva-weel-skram/,https://cdn.tixly.com/no/tix/EventImages/Feature_46025.jpg,"['Julekonsert','Julen i Drammens Teater']",499969,yes,Julen i Drammens Teater,12,ACTIVE
45438,Emil Solli-Tangen,635,in stock,14. desember,34,14. desember,https://www.drammensteater.no/program/45438-emil-solli-tangen/,https://cdn.tixly.com/no/tix/EventImages/Feature_45438.jpg,"['Julekonsert','Klassisk','Julen i Drammens Teater']",499969,yes,Julekonsert,6,ACTIVE
45438,Emil Solli-Tangen,635,in stock,14. desember,34,14. desember,https://www.drammensteater.no/program/45438-emil-solli-tangen/,https://cdn.tixly.com/no/tix/EventImages/Feature_45438.jpg,"['Julekonsert','Klassisk','Julen i Drammens Teater']",499969,yes,Klassisk,3,ACTIVE
45438,Emil Solli-Tangen,635,in stock,14. desember,34,14. desember,https://www.drammensteater.no/program/45438-emil-solli-tangen/,https://cdn.tixly.com/no/tix/EventImages/Feature_45438.jpg,"['Julekonsert','Klassisk','Julen i Drammens Teater']",499969,yes,Julen i Drammens Teater,12,ACTIVE
47211,Odd René Andersen,710,in stock,15. desember,35,15. desember,https://www.drammensteater.no/program/47211-odd-rene-andersen/,https://cdn.tixly.com/no/tix/EventImages/Feature_47211.jpg,"['Julekonsert','Julen i Drammens Teater']",499969,yes,Julekonsert,6,ACTIVE
47211,Odd René Andersen,710,in stock,15. desember,35,15. desember,https://www.drammensteater.no/program/47211-odd-rene-andersen/,https://cdn.tixly.com/no/tix/EventImages/Feature_47211.jpg,"['Julekonsert','Julen i Drammens Teater']",499969,yes,Julen i Drammens Teater,12,ACTIVE
46784,Barnas jul med Erik & Kalle,300,in stock,22. desember,36,22. desember,https://www.drammensteater.no/program/46784-barnas-jul-med-erik-kalle/,https://cdn.tixly.com/no/tix/EventImages/Feature_46784.jpg,"['Barn','Juleshow','Familie','Julen i Drammens Teater']",499969,yes,Barn,5,ACTIVE
46784,Barnas jul med Erik & Kalle,300,in stock,22. desember,36,22. desember,https://www.drammensteater.no/program/46784-barnas-jul-med-erik-kalle/,https://cdn.tixly.com/no/tix/EventImages/Feature_46784.jpg,"['Barn','Juleshow','Familie','Julen i Drammens Teater']",499969,yes,Juleshow,4,ACTIVE
46784,Barnas jul med Erik & Kalle,300,in stock,22. desember,36,22. desember,https://www.drammensteater.no/program/46784-barnas-jul-med-erik-kalle/,https://cdn.tixly.com/no/tix/EventImages/Feature_46784.jpg,"['Barn','Juleshow','Familie','Julen i Drammens Teater']",499969,yes,Familie,6,ACTIVE
46784,Barnas jul med Erik & Kalle,300,in stock,22. desember,36,22. desember,https://www.drammensteater.no/program/46784-barnas-jul-med-erik-kalle/,https://cdn.tixly.com/no/tix/EventImages/Feature_46784.jpg,"['Barn','Juleshow','Familie','Julen i Drammens Teater']",499969,yes,Julen i Drammens Teater,12,ACTIVE
44111,Christmas with Nordic Tenors,690,in stock,22. desember,37,22. desember,https://www.drammensteater.no/program/44111-christmas-with-nordic-tenors/,https://cdn.tixly.com/no/tix/EventImages/Feature_44111.jpg,"['Julekonsert','Julen i Drammens Teater']",499969,yes,Julekonsert,6,ACTIVE
44111,Christmas with Nordic Tenors,690,in stock,22. desember,37,22. desember,https://www.drammensteater.no/program/44111-christmas-with-nordic-tenors/,https://cdn.tixly.com/no/tix/EventImages/Feature_44111.jpg,"['Julekonsert','Julen i Drammens Teater']",499969,yes,Julen i Drammens Teater,12,ACTIVE
49353,Nyttårskonserten 2027,445,in stock,3. januar 2027,38,3. januar 2027,https://www.drammensteater.no/program/49353-nyttarskonserten-2027/,https://cdn.tixly.com/no/tix/EventImages/Feature_49353.jpg,"['Klassisk','Julen i Drammens Teater']",499969,yes,Klassisk,3,ACTIVE
49353,Nyttårskonserten 2027,445,in stock,3. januar 2027,38,3. januar 2027,https://www.drammensteater.no/program/49353-nyttarskonserten-2027/,https://cdn.tixly.com/no/tix/EventImages/Feature_49353.jpg,"['Klassisk','Julen i Drammens Teater']",499969,yes,Julen i Drammens Teater,12,ACTIVE
47673,Klikk og hent,385,in stock,16. januar 2027,39,16. januar 2027,https://www.drammensteater.no/program/47673-klikk-og-hent/,https://cdn.tixly.com/no/tix/EventImages/Feature_47673.jpg,"['Standup','Lattermilde']",499969,yes,Standup,7,ACTIVE
47673,Klikk og hent,385,in stock,16. januar 2027,39,16. januar 2027,https://www.drammensteater.no/program/47673-klikk-og-hent/,https://cdn.tixly.com/no/tix/EventImages/Feature_47673.jpg,"['Standup','Lattermilde']",499969,yes,Lattermilde,12,ACTIVE
46585,Dora Thorhallsdottir,510,in stock,30. januar 2027,40,30. januar 2027,https://www.drammensteater.no/program/46585-dora-thorhallsdottir/,https://cdn.tixly.com/no/tix/EventImages/Feature_46585.jpg,"['Komedie','Standup','Lattermilde']",499969,yes,Komedie,11,ACTIVE
46585,Dora Thorhallsdottir,510,in stock,30. januar 2027,40,30. januar 2027,https://www.drammensteater.no/program/46585-dora-thorhallsdottir/,https://cdn.tixly.com/no/tix/EventImages/Feature_46585.jpg,"['Komedie','Standup','Lattermilde']",499969,yes,Standup,7,ACTIVE
46585,Dora Thorhallsdottir,510,in stock,30. januar 2027,40,30. januar 2027,https://www.drammensteater.no/program/46585-dora-thorhallsdottir/,https://cdn.tixly.com/no/tix/EventImages/Feature_46585.jpg,"['Komedie','Standup','Lattermilde']",499969,yes,Lattermilde,12,ACTIVE
46521,Romeo og Julie,580,in stock,31. januar 2027,41,31. januar 2027,https://www.drammensteater.no/program/46521-romeo-og-julie/,https://cdn.tixly.com/no/tix/EventImages/Feature_46521.jpg,"['Dans','Klassisk','Kulturglade']",499969,yes,Dans,5,ACTIVE
46521,Romeo og Julie,580,in stock,31. januar 2027,41,31. januar 2027,https://www.drammensteater.no/program/46521-romeo-og-julie/,https://cdn.tixly.com/no/tix/EventImages/Feature_46521.jpg,"['Dans','Klassisk','Kulturglade']",499969,yes,Klassisk,3,ACTIVE
46521,Romeo og Julie,580,in stock,31. januar 2027,41,31. januar 2027,https://www.drammensteater.no/program/46521-romeo-og-julie/,https://cdn.tixly.com/no/tix/EventImages/Feature_46521.jpg,"['Dans','Klassisk','Kulturglade']",499969,yes,Kulturglade,7,ACTIVE
45619,The Magic of Alexx Alexxander 2.0,730,in stock,6. februar 2027,42,6. februar 2027,https://www.drammensteater.no/program/45619-the-magic-of-alexx-alexxander-2-0/,https://cdn.tixly.com/no/tix/EventImages/Feature_45619.jpg,"['Magi','Familie']",499969,yes,Magi,1,PAUSED
45619,The Magic of Alexx Alexxander 2.0,730,in stock,6. februar 2027,42,6. februar 2027,https://www.drammensteater.no/program/45619-the-magic-of-alexx-alexxander-2-0/,https://cdn.tixly.com/no/tix/EventImages/Feature_45619.jpg,"['Magi','Familie']",499969,yes,Familie,6,ACTIVE
43351,Bjørnov tar det piano,620,in stock,17. februar 2027,43,17. februar 2027,https://www.drammensteater.no/program/43351-bjornov-tar-det-piano/,https://cdn.tixly.com/no/tix/EventImages/Feature_43351.jpg,"['Pop','Show']",499969,yes,Pop,6,ACTIVE
43351,Bjørnov tar det piano,620,in stock,17. februar 2027,43,17. februar 2027,https://www.drammensteater.no/program/43351-bjornov-tar-det-piano/,https://cdn.tixly.com/no/tix/EventImages/Feature_43351.jpg,"['Pop','Show']",499969,yes,Show,3,ACTIVE
48998,Finn tre feil,590,in stock,19. februar 2027,44,19. februar 2027,https://www.drammensteater.no/program/48998-finn-tre-feil/,https://cdn.tixly.com/no/tix/EventImages/Feature_48998.jpg,"['Komedie','Lattermilde']",499969,yes,Komedie,11,ACTIVE
48998,Finn tre feil,590,in stock,19. februar 2027,44,19. februar 2027,https://www.drammensteater.no/program/48998-finn-tre-feil/,https://cdn.tixly.com/no/tix/EventImages/Feature_48998.jpg,"['Komedie','Lattermilde']",499969,yes,Lattermilde,12,ACTIVE
45245,The Johnny Cash & June Carter Show,510,in stock,20. februar 2027,45,20. februar 2027,https://www.drammensteater.no/program/45245-the-johnny-cash-june-carter-show/,https://cdn.tixly.com/no/tix/EventImages/Feature_45245.jpg,"['Hyllest','Rock','legende']",499969,yes,Hyllest,4,ACTIVE
45245,The Johnny Cash & June Carter Show,510,in stock,20. februar 2027,45,20. februar 2027,https://www.drammensteater.no/program/45245-the-johnny-cash-june-carter-show/,https://cdn.tixly.com/no/tix/EventImages/Feature_45245.jpg,"['Hyllest','Rock','legende']",499969,yes,Rock,4,ACTIVE
45245,The Johnny Cash & June Carter Show,510,in stock,20. februar 2027,45,20. februar 2027,https://www.drammensteater.no/program/45245-the-johnny-cash-june-carter-show/,https://cdn.tixly.com/no/tix/EventImages/Feature_45245.jpg,"['Hyllest','Rock','legende']",499969,yes,legende,1,PAUSED
47778,FROST Musikkshow,770,in stock,21. februar 2027,46,21. februar 2027,https://www.drammensteater.no/program/47778-frost-musikkshow/,https://cdn.tixly.com/no/tix/EventImages/Feature_47778.jpg,"['Barn','Dans','Teater','Familie']",499969,yes,Barn,5,ACTIVE
47778,FROST Musikkshow,770,in stock,21. februar 2027,46,21. februar 2027,https://www.drammensteater.no/program/47778-frost-musikkshow/,https://cdn.tixly.com/no/tix/EventImages/Feature_47778.jpg,"['Barn','Dans','Teater','Familie']",499969,yes,Dans,5,ACTIVE
47778,FROST Musikkshow,770,in stock,21. februar 2027,46,21. februar 2027,https://www.drammensteater.no/program/47778-frost-musikkshow/,https://cdn.tixly.com/no/tix/EventImages/Feature_47778.jpg,"['Barn','Dans','Teater','Familie']",499969,yes,Teater,5,ACTIVE
47778,FROST Musikkshow,770,in stock,21. februar 2027,46,21. februar 2027,https://www.drammensteater.no/program/47778-frost-musikkshow/,https://cdn.tixly.com/no/tix/EventImages/Feature_47778.jpg,"['Barn','Dans','Teater','Familie']",499969,yes,Familie,6,ACTIVE
47808,Night Of Famous Musicals 2.0,810,in stock,6. mars 2027,47,6. mars 2027,https://www.drammensteater.no/program/47808-night-of-famous-musicals-2-0/,https://cdn.tixly.com/no/tix/EventImages/Feature_47808.jpg,"['Musikal','Show','Popglade']",499969,yes,Musikal,1,PAUSED
47808,Night Of Famous Musicals 2.0,810,in stock,6. mars 2027,47,6. mars 2027,https://www.drammensteater.no/program/47808-night-of-famous-musicals-2-0/,https://cdn.tixly.com/no/tix/EventImages/Feature_47808.jpg,"['Musikal','Show','Popglade']",499969,yes,Show,3,ACTIVE
47808,Night Of Famous Musicals 2.0,810,in stock,6. mars 2027,47,6. mars 2027,https://www.drammensteater.no/program/47808-night-of-famous-musicals-2-0/,https://cdn.tixly.com/no/tix/EventImages/Feature_47808.jpg,"['Musikal','Show','Popglade']",499969,yes,Popglade,4,ACTIVE
48161,Christine Koht,585,in stock,17. mars 2027,48,17. mars 2027,https://www.drammensteater.no/program/48161-christine-koht/,https://cdn.tixly.com/no/tix/EventImages/Feature_48161.jpg,"['Komedie','Standup','Kulturglade','Lattermilde']",499969,yes,Komedie,11,ACTIVE
48161,Christine Koht,585,in stock,17. mars 2027,48,17. mars 2027,https://www.drammensteater.no/program/48161-christine-koht/,https://cdn.tixly.com/no/tix/EventImages/Feature_48161.jpg,"['Komedie','Standup','Kulturglade','Lattermilde']",499969,yes,Standup,7,ACTIVE
48161,Christine Koht,585,in stock,17. mars 2027,48,17. mars 2027,https://www.drammensteater.no/program/48161-christine-koht/,https://cdn.tixly.com/no/tix/EventImages/Feature_48161.jpg,"['Komedie','Standup','Kulturglade','Lattermilde']",499969,yes,Kulturglade,7,ACTIVE
48161,Christine Koht,585,in stock,17. mars 2027,48,17. mars 2027,https://www.drammensteater.no/program/48161-christine-koht/,https://cdn.tixly.com/no/tix/EventImages/Feature_48161.jpg,"['Komedie','Standup','Kulturglade','Lattermilde']",499969,yes,Lattermilde,12,ACTIVE
47542,Riksteatret: Kakejazz,290,in stock,11. april 2027,49,11. april 2027,https://www.drammensteater.no/program/47542-riksteatret-kakejazz/,https://cdn.tixly.com/no/tix/EventImages/Feature_47542.jpg,"['Barn','Teater','Familie','Riksteatret']",499969,yes,Barn,5,ACTIVE
47542,Riksteatret: Kakejazz,290,in stock,11. april 2027,49,11. april 2027,https://www.drammensteater.no/program/47542-riksteatret-kakejazz/,https://cdn.tixly.com/no/tix/EventImages/Feature_47542.jpg,"['Barn','Teater','Familie','Riksteatret']",499969,yes,Teater,5,ACTIVE
47542,Riksteatret: Kakejazz,290,in stock,11. april 2027,49,11. april 2027,https://www.drammensteater.no/program/47542-riksteatret-kakejazz/,https://cdn.tixly.com/no/tix/EventImages/Feature_47542.jpg,"['Barn','Teater','Familie','Riksteatret']",499969,yes,Familie,6,ACTIVE
47542,Riksteatret: Kakejazz,290,in stock,11. april 2027,49,11. april 2027,https://www.drammensteater.no/program/47542-riksteatret-kakejazz/,https://cdn.tixly.com/no/tix/EventImages/Feature_47542.jpg,"['Barn','Teater','Familie','Riksteatret']",499969,yes,Riksteatret,2,PAUSED
48923,Iselin Guttormsen,610,in stock,13. mai - 14. mai 2027,50,13. mai - 14. mai 2027,https://www.drammensteater.no/program/48923-iselin-guttormsen/,https://cdn.tixly.com/no/tix/EventImages/Feature_48923.jpg,"['Komedie','Show']",499969,yes,Komedie,11,ACTIVE
48923,Iselin Guttormsen,610,in stock,13. mai - 14. mai 2027,50,13. mai - 14. mai 2027,https://www.drammensteater.no/program/48923-iselin-guttormsen/,https://cdn.tixly.com/no/tix/EventImages/Feature_48923.jpg,"['Komedie','Show']",499969,yes,Show,3,ACTIVE
47550,Riksteatret:1984 dub,525,in stock,18. mai 2027,51,18. mai 2027,https://www.drammensteater.no/program/47550-riksteatret1984-dub/,https://cdn.tixly.com/no/tix/EventImages/Feature_47550.jpg,"['Teater','Kulturglade','Riksteatret']",499969,yes,Teater,5,ACTIVE
47550,Riksteatret:1984 dub,525,in stock,18. mai 2027,51,18. mai 2027,https://www.drammensteater.no/program/47550-riksteatret1984-dub/,https://cdn.tixly.com/no/tix/EventImages/Feature_47550.jpg,"['Teater','Kulturglade','Riksteatret']",499969,yes,Kulturglade,7,ACTIVE
47550,Riksteatret:1984 dub,525,in stock,18. mai 2027,51,18. mai 2027,https://www.drammensteater.no/program/47550-riksteatret1984-dub/,https://cdn.tixly.com/no/tix/EventImages/Feature_47550.jpg,"['Teater','Kulturglade','Riksteatret']",499969,yes,Riksteatret,2,PAUSED
